,idx,# Branches,# Junctions,# End-point voxels,# Junction voxels,# Slab voxels,Average Branch Length,# Triple points,# Quadruple points,Maximum Branch Length,animal,microglia
0,1,37,18,17,60,632,13.826,15,3,57.22,TG1_C519_1FE,TG1_C519_1FE_Slice_1_Image_1_Microglia1
0,1,62,30,31,93,875,11.599,27,3,52.533,TG1_C519_1FE,TG1_C519_1FE_Slice_1_Image_1_Microglia2
0,1,58,27,31,80,783,10.837,23,4,49.859,TG1_C519_1FE,TG1_C519_1FE_Slice_1_Image_1_Microglia3
0,1,20,9,12,33,279,11.787,8,1,39.284,TG1_C519_1FE,TG1_C519_1FE_Slice_1_Image_1_Microglia4
0,1,25,12,13,41,454,14.73,11,1,44.206,TG1_C519_1FE,TG1_C519_1FE_Slice_1_Image_1_Microglia5
0,1,14,6,9,23,268,15.275,5,1,27.674,TG1_C519_1FE,TG1_C519_1FE_Slice_1_Image_1_Microglia6
0,1,18,8,11,27,359,15.946,7,1,30.975,TG1_C519_1FE,TG1_C519_1FE_Slice_1_Image_1_Microglia7
0,1,24,12,12,41,288,10.021,10,1,56.567,TG1_C519_1FE,TG1_C519_1FE_Slice_1_Image_1_Microglia8
0,1,41,19,22,66,667,13.024,17,1,37.073,TG1_C519_1FE,TG1_C519_1FE_Slice_1_Image_2_Microglia1
0,1,15,7,9,24,435,21.661,7,0,46.428,TG1_C519_1FE,TG1_C519_1FE_Slice_1_Image_2_Microglia2
0,1,43,21,23,62,629,11.809,21,0,41.07,TG1_C519_1FE,TG1_C519_1FE_Slice_1_Image_2_Microglia3
0,1,49,24,25,73,719,11.886,23,1,70.111,TG1_C519_1FE,TG1_C519_1FE_Slice_1_Image_2_Microglia4
0,1,37,17,20,53,533,11.76,14,3,43.91,TG1_C519_1FE,TG1_C519_1FE_Slice_1_Image_2_Microglia5
0,1,36,17,19,58,593,13.268,15,2,33.605,TG1_C519_1FE,TG1_C519_1FE_Slice_1_Image_3_Microglia1
0,1,23,10,14,36,427,14.76,8,2,35.077,TG1_C519_1FE,TG1_C519_1FE_Slice_1_Image_3_Microglia2
0,1,36,17,19,66,528,12.102,15,2,37.473,TG1_C519_1FE,TG1_C519_1FE_Slice_1_Image_3_Microglia3
0,1,33,16,18,51,484,11.727,16,0,42.986,TG1_C519_1FE,TG1_C519_1FE_Slice_1_Image_3_Microglia4
0,1,42,20,23,67,605,11.63,19,1,44.224,TG1_C519_1FE,TG1_C519_1FE_Slice_1_Image_3_Microglia5
0,1,37,17,20,64,470,10.831,14,3,31.733,TG1_C519_1FE,TG1_C519_1FE_Slice_1_Image_3_Microglia6
0,1,19,9,11,34,490,20.091,9,0,54.38,TG1_C519_1FE,TG1_C519_1FE_Slice_1_Image_4_Microglia1
0,1,53,25,29,81,682,10.722,23,2,42.69,TG1_C519_1FE,TG1_C519_1FE_Slice_1_Image_4_Microglia2
0,1,18,8,11,26,431,18.584,7,1,68.134,TG1_C519_1FE,TG1_C519_1FE_Slice_1_Image_4_Microglia3
0,1,47,23,23,72,501,8.797,21,2,23.658,TG1_C519_1FE,TG1_C519_1FE_Slice_1_Image_4_Microglia4
0,1,30,15,15,48,401,11.153,15,0,25.531,TG1_C519_1FE,TG1_C519_1FE_Slice_1_Image_4_Microglia5
0,1,24,11,14,44,296,10.211,10,1,32.404,TG1_C519_1FE,TG1_C519_1FE_Slice_1_Image_4_Microglia6
0,1,34,16,19,48,516,12.018,15,1,44.476,TG1_C519_1FE,TG1_C519_1FE_Slice_2_Image_1_Microglia1
0,1,32,15,17,55,420,10.877,13,2,24.729,TG1_C519_1FE,TG1_C519_1FE_Slice_2_Image_1_Microglia2
0,1,30,15,15,49,417,11.197,15,0,39.136,TG1_C519_1FE,TG1_C519_1FE_Slice_2_Image_1_Microglia3
0,1,28,13,15,49,363,10.875,11,2,57.76,TG1_C519_1FE,TG1_C519_1FE_Slice_2_Image_1_Microglia4
0,1,26,12,15,44,525,15.807,11,1,31.523,TG1_C519_1FE,TG1_C519_1FE_Slice_2_Image_1_Microglia5
0,1,33,15,19,50,518,12.551,13,2,44.476,TG1_C519_1FE,TG1_C519_1FE_Slice_2_Image_1_Microglia6
0,1,56,27,30,86,672,9.906,26,1,26.707,TG1_C519_1FE,TG1_C519_1FE_Slice_2_Image_1_Microglia7
0,1,30,14,17,47,614,15.982,13,1,61.532,TG1_C519_1FE,TG1_C519_1FE_Slice_2_Image_1_Microglia8
0,1,49,24,25,76,839,13.497,23,1,34.634,TG1_C519_1FE,TG1_C519_1FE_Slice_2_Image_2_Microglia1
0,1,27,13,15,37,409,12.422,13,0,51.018,TG1_C519_1FE,TG1_C519_1FE_Slice_2_Image_2_Microglia2
0,1,39,18,21,68,784,15.965,15,3,49.964,TG1_C519_1FE,TG1_C519_1FE_Slice_2_Image_2_Microglia3
0,1,38,18,20,50,529,11.294,16,2,45.948,TG1_C519_1FE,TG1_C519_1FE_Slice_2_Image_2_Microglia4
0,1,21,10,11,33,412,15.604,9,1,40.565,TG1_C519_1FE,TG1_C519_1FE_Slice_2_Image_2_Microglia5
0,1,20,9,12,32,375,14.968,8,1,35.94,TG1_C519_1FE,TG1_C519_1FE_Slice_2_Image_2_Microglia6
0,1,25,12,13,41,451,14.364,11,1,28.684,TG1_C519_1FE,TG1_C519_1FE_Slice_2_Image_2_Microglia7
0,1,28,13,16,45,597,16.609,12,1,52.089,TG1_C519_1FE,TG1_C519_1FE_Slice_2_Image_3_Microglia1
0,1,33,15,18,45,564,13.402,12,3,44.476,TG1_C519_1FE,TG1_C519_1FE_Slice_2_Image_3_Microglia2
0,1,46,22,24,68,787,13.614,20,2,47.987,TG1_C519_1FE,TG1_C519_1FE_Slice_2_Image_3_Microglia3
0,1,23,11,13,34,584,19.7,11,0,52.576,TG1_C519_1FE,TG1_C519_1FE_Slice_2_Image_3_Microglia4
0,1,49,24,26,75,781,12.616,24,0,64.537,TG1_C519_1FE,TG1_C519_1FE_Slice_2_Image_3_Microglia5
0,1,25,12,12,34,379,12.32,10,2,44.686,TG1_C519_1FE,TG1_C519_1FE_Slice_2_Image_4_Microglia1
0,1,26,13,13,45,460,14.009,13,0,41.07,TG1_C519_1FE,TG1_C519_1FE_Slice_2_Image_4_Microglia2
0,1,15,7,9,16,327,16.777,7,0,57.307,TG1_C519_1FE,TG1_C519_1FE_Slice_2_Image_4_Microglia3
0,1,40,19,22,57,555,11.395,18,1,38.126,TG1_C519_1FE,TG1_C519_1FE_Slice_2_Image_4_Microglia4
0,1,19,9,11,23,439,17.575,9,0,39.555,TG1_C519_1FE,TG1_C519_1FE_Slice_2_Image_4_Microglia5
0,1,28,13,16,40,537,14.896,12,1,52.865,TG1_C519_1FE,TG1_C519_1FE_Slice_2_Image_4_Microglia6
0,1,24,11,14,36,472,15.444,10,1,55.391,TG1_C519_1FE,TG1_C519_1FE_Slice_3_Image_1_Microglia1
0,1,28,13,16,42,468,13.323,12,1,41.619,TG1_C519_1FE,TG1_C519_1FE_Slice_3_Image_1_Microglia2
0,1,55,27,29,89,894,13.165,27,0,40.861,TG1_C519_1FE,TG1_C519_1FE_Slice_3_Image_1_Microglia3
0,1,63,31,30,93,866,11.133,28,3,52.594,TG1_C519_1FE,TG1_C519_1FE_Slice_3_Image_1_Microglia4
0,1,7,3,5,12,243,26.169,3,0,92.968,TG1_C519_1FE,TG1_C519_1FE_Slice_3_Image_1_Microglia5
0,1,26,12,15,39,635,18.629,11,1,64.346,TG1_C519_1FE,TG1_C519_1FE_Slice_3_Image_1_Microglia6
0,1,22,10,13,38,554,19.349,9,1,47.02,TG1_C519_1FE,TG1_C519_1FE_Slice_3_Image_1_Microglia7
0,1,36,17,18,59,453,10.74,14,3,51.418,TG1_C519_1FE,TG1_C519_1FE_Slice_3_Image_1_Microglia8
0,1,28,13,16,46,423,12.115,12,1,33.266,TG1_C519_1FE,TG1_C519_1FE_Slice_3_Image_1_Microglia9
0,1,36,18,18,57,577,12.81,18,0,58.335,TG1_C519_1FE,TG1_C519_1FE_Slice_3_Image_2_Microglia1
0,1,19,9,11,27,495,19.679,9,0,66.218,TG1_C519_1FE,TG1_C519_1FE_Slice_3_Image_2_Microglia2
0,1,17,8,10,28,427,19.415,8,0,100.982,TG1_C519_1FE,TG1_C519_1FE_Slice_3_Image_2_Microglia3
0,1,58,29,28,88,863,11.788,28,1,47.316,TG1_C519_1FE,TG1_C519_1FE_Slice_3_Image_2_Microglia4
0,1,36,17,20,59,557,12.712,16,1,50.87,TG1_C519_1FE,TG1_C519_1FE_Slice_3_Image_2_Microglia5
0,1,18,8,10,24,383,16.517,6,2,47.377,TG1_C519_1FE,TG1_C519_1FE_Slice_3_Image_2_Microglia6
0,1,27,14,12,45,509,14.91,14,0,66.114,TG1_C519_1FE,TG1_C519_1FE_Slice_3_Image_2_Microglia7
0,1,53,26,27,89,740,11.303,25,1,55.199,TG1_C519_1FE,TG1_C519_1FE_Slice_3_Image_2_Microglia8
0,1,31,15,17,50,492,12.815,15,0,38.927,TG1_C519_1FE,TG1_C519_1FE_Slice_3_Image_3_Microglia1
0,1,19,9,11,29,381,16.073,9,0,35.792,TG1_C519_1FE,TG1_C519_1FE_Slice_3_Image_3_Microglia2
0,1,25,12,14,36,553,17.184,12,0,77.952,TG1_C519_1FE,TG1_C519_1FE_Slice_3_Image_3_Microglia3
0,1,41,20,22,63,846,16.133,20,0,61.532,TG1_C519_1FE,TG1_C519_1FE_Slice_3_Image_3_Microglia4
0,1,69,35,32,115,791,9.592,34,1,39.389,TG1_C519_1FE,TG1_C519_1FE_Slice_3_Image_3_Microglia5
0,1,31,15,17,49,485,12.645,15,0,36.845,TG1_C519_1FE,TG1_C519_1FE_Slice_3_Image_3_Microglia6
0,1,29,14,16,47,560,15.186,14,0,48.135,TG1_C519_1FE,TG1_C519_1FE_Slice_3_Image_3_Microglia7
0,1,29,14,16,48,480,13.134,14,0,50.617,TG1_C519_1FE,TG1_C519_1FE_Slice_3_Image_4_Microglia1
0,1,24,12,11,30,489,15.865,11,1,48.344,TG1_C519_1FE,TG1_C519_1FE_Slice_3_Image_4_Microglia2
0,1,32,15,18,51,572,14.15,14,1,42.856,TG1_C519_1FE,TG1_C519_1FE_Slice_3_Image_4_Microglia3
0,1,15,7,9,23,341,17.53,7,0,64.851,TG1_C519_1FE,TG1_C519_1FE_Slice_3_Image_4_Microglia4
0,1,38,19,19,62,643,13.603,19,0,58.021,TG1_C519_1FE,TG1_C519_1FE_Slice_3_Image_4_Microglia5
0,1,26,12,15,37,473,14.572,11,1,47.507,TG1_C519_1FE,TG1_C519_1FE_Slice_3_Image_4_Microglia6
0,1,24,11,14,44,354,12.21,10,1,33.248,TG1_C519_1FE,TG1_C519_1FE_Slice_4_Image_1_Microglia1
0,1,23,11,13,39,340,11.965,11,0,39.198,TG1_C519_1FE,TG1_C519_1FE_Slice_4_Image_1_Microglia2
0,1,30,13,18,51,556,14.773,10,3,54.816,TG1_C519_1FE,TG1_C519_1FE_Slice_4_Image_1_Microglia3
0,1,53,26,27,89,1168,17.223,25,1,65.861,TG1_C519_1FE,TG1_C519_1FE_Slice_4_Image_1_Microglia4
0,1,19,9,10,29,350,14.691,8,1,45.548,TG1_C519_1FE,TG1_C519_1FE_Slice_4_Image_1_Microglia5
0,1,33,16,17,48,560,13.425,15,1,58.23,TG1_C519_1FE,TG1_C519_1FE_Slice_4_Image_2_Microglia1
0,1,18,9,9,26,297,13.183,9,0,48.117,TG1_C519_1FE,TG1_C519_1FE_Slice_4_Image_2_Microglia2
0,1,64,30,34,104,839,10.847,26,4,49.816,TG1_C519_1FE,TG1_C519_1FE_Slice_4_Image_2_Microglia3
0,1,25,12,14,39,480,15.24,12,0,43.196,TG1_C519_1FE,TG1_C519_1FE_Slice_4_Image_2_Microglia4
0,1,19,9,9,30,313,13.091,7,2,33.667,TG1_C519_1FE,TG1_C519_1FE_Slice_4_Image_2_Microglia5
0,1,26,12,15,43,415,13.027,11,1,31.733,TG1_C519_1FE,TG1_C519_1FE_Slice_4_Image_2_Microglia6
0,1,31,15,16,57,564,14.729,14,1,48.622,TG1_C519_1FE,TG1_C519_1FE_Slice_4_Image_2_Microglia7
0,1,34,17,17,56,515,12.136,17,0,31.166,TG1_C519_1FE,TG1_C519_1FE_Slice_4_Image_3_Microglia1
0,1,27,12,16,48,489,14.816,10,2,38.779,TG1_C519_1FE,TG1_C519_1FE_Slice_4_Image_3_Microglia2
0,1,44,21,24,63,707,12.881,20,1,42.604,TG1_C519_1FE,TG1_C519_1FE_Slice_4_Image_3_Microglia3
0,1,19,8,12,30,459,18.367,6,2,55.557,TG1_C519_1FE,TG1_C519_1FE_Slice_4_Image_3_Microglia4
0,1,30,14,17,49,532,13.969,13,1,34.32,TG1_C519_1FE,TG1_C519_1FE_Slice_4_Image_3_Microglia5
0,1,32,15,17,54,585,14.652,13,2,46.306,TG2_C519_2TD,TG2_C519_2TD_Slice_1_Image_1_Microglia1
0,1,50,25,25,75,718,11.606,25,0,39.032,TG2_C519_2TD,TG2_C519_2TD_Slice_1_Image_1_Microglia2
0,1,52,25,28,85,783,12.252,24,1,44.267,TG2_C519_2TD,TG2_C519_2TD_Slice_1_Image_1_Microglia3
0,1,37,18,20,62,534,11.865,18,0,44.328,TG2_C519_2TD,TG2_C519_2TD_Slice_1_Image_1_Microglia4
0,1,59,29,31,96,790,11.027,29,0,36.445,TG2_C519_2TD,TG2_C519_2TD_Slice_1_Image_1_Microglia5
0,1,65,31,33,101,676,8.968,28,2,30.199,TG2_C519_2TD,TG2_C519_2TD_Slice_1_Image_1_Microglia6
0,1,48,22,27,78,705,12.199,20,1,37.368,TG2_C519_2TD,TG2_C519_2TD_Slice_1_Image_1_Microglia7
0,1,24,11,14,38,475,15.902,10,1,39.79,TG2_C519_2TD,TG2_C519_2TD_Slice_1_Image_2_Microglia1
0,1,35,17,17,59,458,10.857,15,2,46.663,TG2_C519_2TD,TG2_C519_2TD_Slice_1_Image_2_Microglia2
0,1,39,19,20,64,557,11.854,18,1,46.749,TG2_C519_2TD,TG2_C519_2TD_Slice_1_Image_2_Microglia3
0,1,26,13,13,44,487,15.068,13,0,38.083,TG2_C519_2TD,TG2_C519_2TD_Slice_1_Image_2_Microglia4
0,1,65,33,32,104,770,9.807,32,0,39.198,TG2_C519_2TD,TG2_C519_2TD_Slice_1_Image_2_Microglia5
0,1,30,15,16,49,367,10.277,14,0,35.391,TG2_C519_2TD,TG2_C519_2TD_Slice_1_Image_2_Microglia6
0,1,40,19,22,63,707,14.137,18,1,52.046,TG2_C519_2TD,TG2_C519_2TD_Slice_1_Image_2_Microglia7
0,1,39,19,21,53,570,11.796,19,0,38.736,TG2_C519_2TD,TG2_C519_2TD_Slice_1_Image_3_Microglia1
0,1,35,17,18,56,509,11.851,16,1,36.863,TG2_C519_2TD,TG2_C519_2TD_Slice_1_Image_3_Microglia2
0,1,40,19,22,63,735,14.503,18,1,63.657,TG2_C519_2TD,TG2_C519_2TD_Slice_1_Image_3_Microglia3
0,1,73,36,38,114,883,9.98,36,0,34.781,TG2_C519_2TD,TG2_C519_2TD_Slice_1_Image_3_Microglia4
0,1,41,20,21,60,679,13.12,19,1,39.45,TG2_C519_2TD,TG2_C519_2TD_Slice_1_Image_3_Microglia5
0,1,37,18,20,55,533,11.656,18,0,59.092,TG2_C519_2TD,TG2_C519_2TD_Slice_1_Image_3_Microglia6
0,1,28,13,15,38,508,14.315,11,2,36.106,TG2_C519_2TD,TG2_C519_2TD_Slice_1_Image_4_Microglia1
0,1,25,12,14,39,471,14.894,12,0,46.959,TG2_C519_2TD,TG2_C519_2TD_Slice_1_Image_4_Microglia2
0,1,39,19,21,61,702,14.238,19,0,53.475,TG2_C519_2TD,TG2_C519_2TD_Slice_1_Image_4_Microglia3
0,1,37,18,20,56,720,15.353,18,0,49.589,TG2_C519_2TD,TG2_C519_2TD_Slice_1_Image_4_Microglia4
0,1,36,17,20,58,545,12.421,16,1,35.478,TG2_C519_2TD,TG2_C519_2TD_Slice_1_Image_4_Microglia5
0,1,35,17,19,56,583,13.169,17,0,31.837,TG2_C519_2TD,TG2_C519_2TD_Slice_1_Image_4_Microglia6
0,1,45,21,25,72,784,13.846,19,2,58.335,TG2_C519_2TD,TG2_C519_2TD_Slice_2_Image_1_Microglia1
0,1,50,25,25,81,938,14.796,25,0,56.401,TG2_C519_2TD,TG2_C519_2TD_Slice_2_Image_1_Microglia2
0,1,55,27,29,92,941,13.654,27,0,43.3,TG2_C519_2TD,TG2_C519_2TD_Slice_2_Image_1_Microglia3
0,1,36,17,20,64,598,13.384,16,1,46.244,TG2_C519_2TD,TG2_C519_2TD_Slice_2_Image_1_Microglia4
0,1,56,26,31,69,747,10.77,23,3,49.964,TG2_C519_2TD,TG2_C519_2TD_Slice_2_Image_1_Microglia5
0,1,24,11,13,45,536,17.577,9,2,54.232,TG2_C519_2TD,TG2_C519_2TD_Slice_2_Image_1_Microglia6
0,1,21,10,12,29,464,16.979,10,0,68.282,TG2_C519_2TD,TG2_C519_2TD_Slice_2_Image_2_Microglia1
0,1,37,19,16,59,674,14.591,18,1,42.586,TG2_C519_2TD,TG2_C519_2TD_Slice_2_Image_2_Microglia2
0,1,35,16,19,57,656,14.903,13,3,40.461,TG2_C519_2TD,TG2_C519_2TD_Slice_2_Image_2_Microglia3
0,1,35,16,20,61,627,14.228,14,2,41.366,TG2_C519_2TD,TG2_C519_2TD_Slice_2_Image_2_Microglia4
0,1,36,18,18,56,589,12.971,18,0,48.788,TG2_C519_2TD,TG2_C519_2TD_Slice_2_Image_2_Microglia5
0,1,33,16,18,50,499,12.177,16,0,29.86,TG2_C519_2TD,TG2_C519_2TD_Slice_2_Image_2_Microglia6
0,1,25,12,13,39,395,12.718,11,1,49.798,TG2_C519_2TD,TG2_C519_2TD_Slice_2_Image_3_Microglia1
0,1,38,18,21,65,586,12.722,17,1,42.019,TG2_C519_2TD,TG2_C519_2TD_Slice_2_Image_3_Microglia2
0,1,39,19,20,61,511,10.612,18,1,31.289,TG2_C519_2TD,TG2_C519_2TD_Slice_2_Image_3_Microglia3
0,1,28,14,14,42,599,16.154,14,0,68.953,TG2_C519_2TD,TG2_C519_2TD_Slice_2_Image_3_Microglia4
0,1,42,20,23,68,648,12.525,19,1,36.21,TG2_C519_2TD,TG2_C519_2TD_Slice_2_Image_3_Microglia5
0,1,46,22,25,76,754,13.23,21,1,50.26,TG2_C519_2TD,TG2_C519_2TD_Slice_2_Image_3_Microglia6
0,1,32,15,17,43,701,17.041,13,2,51.018,TG2_C519_2TD,TG2_C519_2TD_Slice_3_Image_1_Microglia1
0,1,38,18,21,65,677,14.18,17,1,49.293,TG2_C519_2TD,TG2_C519_2TD_Slice_3_Image_1_Microglia2
0,1,75,36,38,121,1184,12.905,32,4,46.601,TG2_C519_2TD,TG2_C519_2TD_Slice_3_Image_1_Microglia3
0,1,48,23,25,79,752,12.707,21,2,46.288,TG2_C519_2TD,TG2_C519_2TD_Slice_3_Image_1_Microglia4
0,1,28,13,16,46,662,18.579,12,1,49.65,TG2_C519_2TD,TG2_C519_2TD_Slice_3_Image_1_Microglia5
0,1,38,17,21,58,594,12.914,13,4,52.89,TG2_C519_2TD,TG2_C519_2TD_Slice_3_Image_1_Microglia6
0,1,70,34,35,106,1127,12.878,31,3,56.636,TG2_C519_2TD,TG2_C519_2TD_Slice_3_Image_1_Microglia7
0,1,29,14,16,44,576,15.696,14,0,45.782,TG2_C519_2TD,TG2_C519_2TD_Slice_3_Image_2_Microglia1
0,1,43,21,23,62,583,11.01,21,0,62.203,TG2_C519_2TD,TG2_C519_2TD_Slice_3_Image_2_Microglia2
0,1,41,20,21,74,869,16.622,19,1,60.965,TG2_C519_2TD,TG2_C519_2TD_Slice_3_Image_2_Microglia3
0,1,41,18,24,66,856,16.49,14,4,54.885,TG2_C519_2TD,TG2_C519_2TD_Slice_3_Image_2_Microglia4
0,1,29,14,16,42,515,14.288,14,0,48.178,TG2_C519_2TD,TG2_C519_2TD_Slice_3_Image_2_Microglia5
0,1,41,20,22,64,653,12.72,20,0,57.368,TG2_C519_2TD,TG2_C519_2TD_Slice_3_Image_3_Microglia1
0,1,53,26,25,86,815,12.368,23,3,40.922,TG2_C519_2TD,TG2_C519_2TD_Slice_3_Image_3_Microglia2
0,1,34,16,18,50,627,14.441,14,2,45.025,TG2_C519_2TD,TG2_C519_2TD_Slice_3_Image_3_Microglia3
0,1,41,20,22,70,726,14.263,20,0,36.759,TG2_C519_2TD,TG2_C519_2TD_Slice_3_Image_3_Microglia4
0,1,35,16,20,46,530,12.304,14,2,30.255,TG2_C519_2TD,TG2_C519_2TD_Slice_3_Image_3_Microglia5
0,1,47,23,25,75,566,9.924,23,0,46.515,TG2_C519_2TD,TG2_C519_2TD_Slice_3_Image_3_Microglia6
0,1,29,13,17,45,525,14.048,11,2,58.913,TG2_C519_2TD,TG2_C519_2TD_Slice_3_Image_4_Microglia1
0,1,20,9,11,33,383,15.485,7,2,55.495,TG2_C519_2TD,TG2_C519_2TD_Slice_3_Image_4_Microglia2
0,1,45,22,24,75,768,13.627,22,0,53.919,TG2_C519_2TD,TG2_C519_2TD_Slice_3_Image_4_Microglia3
0,1,18,8,11,29,332,14.311,7,1,36.925,TG2_C519_2TD,TG2_C519_2TD_Slice_3_Image_4_Microglia4
0,1,29,14,16,48,393,10.908,14,0,32.195,TG2_C519_2TD,TG2_C519_2TD_Slice_3_Image_4_Microglia5
0,1,34,16,19,51,687,15.892,15,1,59.284,TG2_C519_2TD,TG2_C519_2TD_Slice_3_Image_4_Microglia6
0,1,43,21,23,57,631,11.912,21,0,54.128,TG2_C519_2TD,TG2_C519_2TD_Slice_3_Image_4_Microglia7
0,1,70,33,37,117,1004,11.769,29,4,49.755,TG2_C519_2TD,TG2_C519_2TD_Slice_4_Image_1_Microglia1
0,1,42,20,22,64,844,15.918,18,2,53.1,TG2_C519_2TD,TG2_C519_2TD_Slice_4_Image_1_Microglia2
0,1,29,14,15,42,510,13.782,13,1,36.192,TG2_C519_2TD,TG2_C519_2TD_Slice_4_Image_1_Microglia3
0,1,45,22,23,67,845,14.749,21,1,49.163,TG2_C519_2TD,TG2_C519_2TD_Slice_4_Image_1_Microglia4
0,1,33,16,18,54,589,14.366,16,0,56.192,TG2_C519_2TD,TG2_C519_2TD_Slice_4_Image_1_Microglia5
0,1,52,24,28,91,756,12.038,20,4,41.082,TG2_C519_2TD,TG2_C519_2TD_Slice_4_Image_2_Microglia1
0,1,42,20,22,72,692,13.17,18,2,59.511,TG2_C519_2TD,TG2_C519_2TD_Slice_4_Image_2_Microglia2
0,1,35,17,19,52,814,18.118,17,0,100.563,TG2_C519_2TD,TG2_C519_2TD_Slice_4_Image_2_Microglia3
0,1,35,16,20,44,586,13.264,14,2,32.281,TG2_C519_2TD,TG2_C519_2TD_Slice_4_Image_2_Microglia4
0,1,35,17,17,56,573,13.093,15,2,61.131,TG2_C519_2TD,TG2_C519_2TD_Slice_4_Image_2_Microglia5
0,1,46,22,25,63,735,12.745,21,1,44.267,TG2_C519_2TD,TG2_C519_2TD_Slice_4_Image_2_Microglia6
0,1,57,28,29,91,794,11.334,27,1,35.835,TG2_C519_2TD,TG2_C519_2TD_Slice_4_Image_3_Microglia1
0,1,29,15,13,43,609,16.308,15,0,62.08,TG2_C519_2TD,TG2_C519_2TD_Slice_4_Image_3_Microglia2
0,1,72,35,37,110,933,10.553,33,2,41.846,TG2_C519_2TD,TG2_C519_2TD_Slice_4_Image_3_Microglia3
0,1,30,14,17,42,588,15.278,13,1,46.959,TG2_C519_2TD,TG2_C519_2TD_Slice_4_Image_3_Microglia4
0,1,33,16,18,57,528,12.913,16,0,27.255,TG2_C519_2TD,TG2_C519_2TD_Slice_4_Image_3_Microglia5
0,1,45,22,22,78,621,11.304,20,2,35.478,TG2_C519_2TD,TG2_C519_2TD_Slice_4_Image_3_Microglia6
0,1,53,26,27,80,737,11.351,25,1,32.534,TG2_C519_2TD,TG2_C519_2TD_Slice_4_Image_4_Microglia1
0,1,26,12,15,44,447,13.951,11,1,26.602,TG2_C519_2TD,TG2_C519_2TD_Slice_4_Image_4_Microglia2
0,1,59,30,27,99,897,12.246,29,1,44.816,TG2_C519_2TD,TG2_C519_2TD_Slice_4_Image_4_Microglia3
0,1,64,32,31,103,1098,13.553,31,1,41.027,TG2_C519_2TD,TG2_C519_2TD_Slice_4_Image_4_Microglia4
0,1,43,22,20,74,605,11.625,22,0,49.336,TG2_C519_2TD,TG2_C519_2TD_Slice_4_Image_4_Microglia5
0,1,45,21,24,70,519,9.799,18,3,35.878,TG2_C519_2TD,TG2_C519_2TD_Slice_4_Image_4_Microglia6
0,1,37,18,19,46,626,13.351,17,1,48.893,TG2_C519_2TD,TG2_C519_2TD_Slice_4_Image_4_Microglia7
