,idx,# Branches,# Junctions,# End-point voxels,# Junction voxels,# Slab voxels,Average Branch Length,# Triple points,# Quadruple points,Maximum Branch Length,animal,microglia
0,1,35,17,19,51,800,17.91,17,0,73.099,WT1_C522_3TD,WT1_C522_3TD_Slice_1_Image_1_Microglia1
0,1,35,17,18,57,693,15.748,16,1,54.153,WT1_C522_3TD,WT1_C522_3TD_Slice_1_Image_1_Microglia2
0,1,47,23,24,83,1039,17.667,22,1,86.705,WT1_C522_3TD,WT1_C522_3TD_Slice_1_Image_1_Microglia3
0,1,37,18,20,58,702,14.87,18,0,47.673,WT1_C522_3TD,WT1_C522_3TD_Slice_1_Image_1_Microglia4
0,1,36,18,18,51,551,12.231,18,0,39.198,WT1_C522_3TD,WT1_C522_3TD_Slice_1_Image_1_Microglia5
0,1,35,17,19,51,800,17.91,17,0,73.099,WT1_C522_3TD,WT1_C522_3TD_Slice_1_Image_1_MicrogliaX
0,1,33,16,17,56,692,16.333,15,1,53.98,WT1_C522_3TD,WT1_C522_3TD_Slice_1_Image_2_Microglia1
0,1,60,30,29,97,755,10.528,29,1,52.342,WT1_C522_3TD,WT1_C522_3TD_Slice_1_Image_2_Microglia2
0,1,38,19,18,54,637,13.285,18,1,39.45,WT1_C522_3TD,WT1_C522_3TD_Slice_1_Image_2_Microglia3
0,1,39,19,20,48,666,13.397,18,1,37.116,WT1_C522_3TD,WT1_C522_3TD_Slice_1_Image_2_Microglia4
0,1,33,16,18,49,686,16.07,16,0,66.034,WT1_C522_3TD,WT1_C522_3TD_Slice_1_Image_2_Microglia5
0,1,37,18,19,53,802,16.975,17,1,77.872,WT1_C522_3TD,WT1_C522_3TD_Slice_1_Image_2_Microglia6
0,1,36,17,20,59,630,14.219,16,1,41.976,WT1_C522_3TD,WT1_C522_3TD_Slice_1_Image_3_Microglia1
0,1,33,15,19,51,588,14.25,13,2,49.859,WT1_C522_3TD,WT1_C522_3TD_Slice_1_Image_3_Microglia2
0,1,32,15,18,51,636,15.637,14,1,42.708,WT1_C522_3TD,WT1_C522_3TD_Slice_1_Image_3_Microglia3
0,1,39,19,21,60,771,15.489,19,0,53.413,WT1_C522_3TD,WT1_C522_3TD_Slice_1_Image_3_Microglia4
0,1,32,15,18,53,678,16.614,14,1,81.863,WT1_C522_3TD,WT1_C522_3TD_Slice_1_Image_3_Microglia5
0,1,48,24,24,81,633,10.818,24,0,39.284,WT1_C522_3TD,WT1_C522_3TD_Slice_1_Image_4_Microglia1
0,1,38,18,21,53,659,13.837,17,1,39.241,WT1_C522_3TD,WT1_C522_3TD_Slice_1_Image_4_Microglia2
0,1,41,20,21,66,767,14.722,19,1,49.206,WT1_C522_3TD,WT1_C522_3TD_Slice_1_Image_4_Microglia3
0,1,36,17,19,54,603,13.765,15,2,48.727,WT1_C522_3TD,WT1_C522_3TD_Slice_1_Image_4_Microglia4
0,1,39,19,20,67,756,15.522,18,1,64.642,WT1_C522_3TD,WT1_C522_3TD_Slice_1_Image_4_Microglia5
0,1,44,21,23,72,655,12.172,19,2,44.877,WT1_C522_3TD,WT1_C522_3TD_Slice_2_Image_1_Microglia1
0,1,31,14,18,45,544,14.094,12,2,46.288,WT1_C522_3TD,WT1_C522_3TD_Slice_2_Image_1_Microglia2
0,1,21,10,12,33,416,15.894,10,0,60.713,WT1_C522_3TD,WT1_C522_3TD_Slice_2_Image_1_Microglia3
0,1,39,19,21,63,660,13.758,19,0,49.502,WT1_C522_3TD,WT1_C522_3TD_Slice_2_Image_1_Microglia4
0,1,55,27,28,90,860,12.464,26,1,69.816,WT1_C522_3TD,WT1_C522_3TD_Slice_2_Image_1_Microglia5
0,1,32,14,18,58,651,15.941,10,4,51.393,WT1_C522_3TD,WT1_C522_3TD_Slice_2_Image_1_Microglia6
0,1,51,25,27,78,1006,15.198,25,0,59.136,WT1_C522_3TD,WT1_C522_3TD_Slice_2_Image_1_Microglia7
0,1,36,18,17,55,529,11.671,17,1,36.759,WT1_C522_3TD,WT1_C522_3TD_Slice_2_Image_2_Microglia1
0,1,33,15,19,53,723,17.195,13,2,91.33,WT1_C522_3TD,WT1_C522_3TD_Slice_2_Image_2_Microglia2
0,1,36,17,19,56,706,15.366,15,2,85.965,WT1_C522_3TD,WT1_C522_3TD_Slice_2_Image_2_Microglia3
0,1,39,19,21,57,658,13.53,19,0,66.348,WT1_C522_3TD,WT1_C522_3TD_Slice_2_Image_2_Microglia4
0,1,47,23,24,86,941,16.151,22,1,71.226,WT1_C522_3TD,WT1_C522_3TD_Slice_2_Image_2_Microglia5
0,1,52,25,28,84,717,11.357,24,1,38.292,WT1_C522_3TD,WT1_C522_3TD_Slice_2_Image_2_Microglia6
0,1,49,24,26,79,691,11.51,24,0,45.234,WT1_C522_3TD,WT1_C522_3TD_Slice_2_Image_2_Microglia7
0,1,29,14,16,45,760,20.051,14,0,72.507,WT1_C522_3TD,WT1_C522_3TD_Slice_2_Image_3_Microglia1
0,1,56,27,30,98,900,13.066,26,1,70.093,WT1_C522_3TD,WT1_C522_3TD_Slice_2_Image_3_Microglia2
0,1,64,31,30,105,1122,14.056,26,5,50.451,WT1_C522_3TD,WT1_C522_3TD_Slice_2_Image_3_Microglia3
0,1,39,19,21,62,725,14.862,19,0,50.513,WT1_C522_3TD,WT1_C522_3TD_Slice_2_Image_3_Microglia4
0,1,41,20,19,61,701,13.733,17,3,48.387,WT1_C522_3TD,WT1_C522_3TD_Slice_2_Image_3_Microglia5
0,1,45,21,24,73,785,13.853,18,3,57.325,WT1_C522_3TD,WT1_C522_3TD_Slice_2_Image_3_Microglia6
0,1,55,27,28,83,780,11.457,26,1,33.1,WT1_C522_3TD,WT1_C522_3TD_Slice_2_Image_4_Microglia1
0,1,25,11,15,39,478,15.244,9,2,82.455,WT1_C522_3TD,WT1_C522_3TD_Slice_2_Image_4_Microglia2
0,1,51,25,25,82,671,10.949,23,2,31.523,WT1_C522_3TD,WT1_C522_3TD_Slice_2_Image_4_Microglia3
0,1,53,26,26,83,845,12.746,24,2,46.096,WT1_C522_3TD,WT1_C522_3TD_Slice_2_Image_4_Microglia4
0,1,35,17,18,50,617,13.934,16,1,62.769,WT1_C522_3TD,WT1_C522_3TD_Slice_2_Image_4_Microglia5
0,1,28,13,16,52,662,18.056,12,1,65.648,WT1_C522_3TD,WT1_C522_3TD_Slice_3_Image_1_Microglia1
0,1,44,22,22,68,764,13.833,22,0,75.433,WT1_C522_3TD,WT1_C522_3TD_Slice_3_Image_1_Microglia2
0,1,34,17,14,58,482,11.746,14,3,36.759,WT1_C522_3TD,WT1_C522_3TD_Slice_3_Image_1_Microglia3
0,1,43,21,22,68,733,13.407,20,1,45.487,WT1_C522_3TD,WT1_C522_3TD_Slice_3_Image_1_Microglia4
0,1,21,10,12,38,530,19.773,10,0,45.382,WT1_C522_3TD,WT1_C522_3TD_Slice_3_Image_2_Microglia1
0,1,44,21,23,73,669,12.284,19,2,43.509,WT1_C522_3TD,WT1_C522_3TD_Slice_3_Image_2_Microglia2
0,1,22,11,11,38,367,13.649,11,0,43.048,WT1_C522_3TD,WT1_C522_3TD_Slice_3_Image_2_Microglia3
0,1,49,24,25,80,721,11.878,23,1,41.489,WT1_C522_3TD,WT1_C522_3TD_Slice_3_Image_2_Microglia4
0,1,39,19,20,60,723,14.553,18,1,43.213,WT1_C522_3TD,WT1_C522_3TD_Slice_3_Image_2_Microglia5
0,1,28,13,16,35,603,16.723,12,1,51.584,WT1_C522_3TD,WT1_C522_3TD_Slice_3_Image_2_Microglia6
0,1,30,14,16,43,700,18.427,12,2,85.738,WT1_C522_3TD,WT1_C522_3TD_Slice_3_Image_2_Microglia7
0,1,41,20,22,59,716,13.905,20,0,66.244,WT1_C522_3TD,WT1_C522_3TD_Slice_4_Image_1_Microglia1
0,1,23,11,13,38,412,14.6,11,0,36.088,WT1_C522_3TD,WT1_C522_3TD_Slice_4_Image_1_Microglia2
0,1,26,12,15,46,439,13.579,11,1,38.065,WT1_C522_3TD,WT1_C522_3TD_Slice_4_Image_1_Microglia3
0,1,52,25,28,81,896,13.783,24,1,45.007,WT1_C522_3TD,WT1_C522_3TD_Slice_4_Image_1_Microglia4
0,1,39,19,21,61,578,12.072,19,0,45.53,WT1_C522_3TD,WT1_C522_3TD_Slice_4_Image_1_Microglia5
0,1,46,23,22,75,640,11.335,22,1,34.468,WT1_C522_3TD,WT1_C522_3TD_Slice_4_Image_1_Microglia6
0,1,44,21,24,66,896,15.853,20,1,65.024,WT1_C522_3TD,WT1_C522_3TD_Slice_4_Image_1_Microglia7
0,1,45,22,24,69,788,13.8,22,0,60.478,WT1_C522_3TD,WT1_C522_3TD_Slice_4_Image_2_Microglia1
0,1,33,16,18,47,790,18.52,16,0,60.269,WT1_C522_3TD,WT1_C522_3TD_Slice_4_Image_2_Microglia2
0,1,31,15,17,42,521,13.085,15,0,36.149,WT1_C522_3TD,WT1_C522_3TD_Slice_4_Image_2_Microglia3
0,1,45,21,25,68,874,15.416,19,2,76.671,WT1_C522_3TD,WT1_C522_3TD_Slice_4_Image_2_Microglia4
0,1,43,21,22,67,791,14.418,20,1,48.936,WT1_C522_3TD,WT1_C522_3TD_Slice_4_Image_2_Microglia5
0,1,34,16,19,54,584,13.524,15,1,45.4,WT1_C522_3TD,WT1_C522_3TD_Slice_4_Image_3_Microglia1
0,1,27,13,15,42,514,14.942,13,0,66.244,WT1_C522_3TD,WT1_C522_3TD_Slice_4_Image_3_Microglia2
0,1,24,12,12,41,380,12.666,12,0,38.231,WT1_C522_3TD,WT1_C522_3TD_Slice_4_Image_3_Microglia3
0,1,28,13,16,40,609,17.442,12,1,41.471,WT1_C522_3TD,WT1_C522_3TD_Slice_4_Image_3_Microglia4
0,1,22,11,11,29,557,19.017,11,0,55.557,WT1_C522_3TD,WT1_C522_3TD_Slice_4_Image_3_Microglia5
0,1,54,27,27,74,934,13.678,27,0,49.903,WT1_C522_3TD,WT1_C522_3TD_Slice_4_Image_3_Microglia6
0,1,48,22,27,85,799,13.446,19,3,42.037,WT1_C522_3TD,WT1_C522_3TD_Slice_4_Image_3_Microglia7
0,1,42,20,23,64,593,11.453,19,1,32.952,WT1_C522_3TD,WT1_C522_3TD_Slice_4_Image_4_Microglia1
0,1,49,24,25,81,927,15.102,23,1,76.462,WT1_C522_3TD,WT1_C522_3TD_Slice_4_Image_4_Microglia2
0,1,36,17,19,61,888,19.328,15,2,94.675,WT1_C522_3TD,WT1_C522_3TD_Slice_4_Image_4_Microglia3
0,1,47,22,26,73,795,13.422,20,2,53.352,WT1_C522_3TD,WT1_C522_3TD_Slice_4_Image_4_Microglia4
0,1,31,15,16,46,570,14.782,14,1,52.804,WT1_C522_3TD,WT1_C522_3TD_Slice_4_Image_4_Microglia5
0,1,33,16,18,43,540,12.928,16,0,47.273,WT1_C522_3TD,WT1_C522_3TD_Slice_4_Image_4_Microglia6
0,1,30,14,16,52,633,16.594,12,2,65.085,WT1_C522_3TD,WT1_C522_3TD_Slice_4_Image_4_Microglia7
0,1,62,30,32,93,1084,13.985,28,2,65.129,WT1_C522_3TD,WT1_C522_3TD_Slice_4_Image_4_Microglia8
0,1,44,22,21,70,849,15.252,21,1,56.192,WT1_C522_3TD,WT1_C522_3TD_Slice_4_Image_4_Microglia9
0,1,27,13,15,46,507,14.844,13,0,54.929,WT1_C522_3TD,WT1_C522_3TD_Slice_5_Image_1_Microglia1
0,1,61,30,30,102,1066,14.047,28,2,52.071,WT1_C522_3TD,WT1_C522_3TD_Slice_5_Image_1_Microglia2
0,1,34,16,18,61,586,14.013,14,2,67.001,WT1_C522_3TD,WT1_C522_3TD_Slice_5_Image_1_Microglia3
0,1,40,20,19,66,659,13.271,19,1,45.591,WT1_C522_3TD,WT1_C522_3TD_Slice_5_Image_1_Microglia4
0,1,35,16,20,60,599,13.791,14,2,34.929,WT1_C522_3TD,WT1_C522_3TD_Slice_5_Image_1_Microglia5
0,1,37,18,20,54,751,15.741,18,0,73.265,WT1_C522_3TD,WT1_C522_3TD_Slice_5_Image_2_Microglia1
0,1,43,20,24,61,831,15.318,18,2,51.314,WT1_C522_3TD,WT1_C522_3TD_Slice_5_Image_2_Microglia2
0,1,29,14,16,42,543,14.716,14,0,76.819,WT1_C522_3TD,WT1_C522_3TD_Slice_5_Image_2_Microglia3
0,1,28,13,16,39,468,12.95,12,1,37.639,WT2_C525_1FD,WT2_C525_1FD_Slice_1_Image_1_Microglia1
0,1,23,11,13,31,461,15.72,11,0,47.002,WT2_C525_1FD,WT2_C525_1FD_Slice_1_Image_1_Microglia2
0,1,36,17,20,52,842,18.011,16,1,84.171,WT2_C525_1FD,WT2_C525_1FD_Slice_1_Image_1_Microglia3
0,1,24,11,14,38,605,19.287,10,1,55.914,WT2_C525_1FD,WT2_C525_1FD_Slice_1_Image_1_Microglia4
0,1,13,6,8,18,355,20.233,6,0,53.013,WT2_C525_1FD,WT2_C525_1FD_Slice_1_Image_1_Microglia5
0,1,23,11,13,36,433,15.284,11,0,39.198,WT2_C525_1FD,WT2_C525_1FD_Slice_1_Image_2_Microglia1
0,1,40,19,22,71,683,13.795,18,1,53.1,WT2_C525_1FD,WT2_C525_1FD_Slice_1_Image_2_Microglia2
0,1,32,15,18,58,607,15.197,14,1,47.778,WT2_C525_1FD,WT2_C525_1FD_Slice_1_Image_2_Microglia3
0,1,44,22,23,69,547,10.252,21,0,39.555,WT2_C525_1FD,WT2_C525_1FD_Slice_1_Image_2_Microglia4
0,1,52,26,26,80,1053,15.743,26,0,46.767,WT2_C525_1FD,WT2_C525_1FD_Slice_1_Image_2_Microglia5
0,1,49,22,28,89,1004,16.401,19,2,58.692,WT2_C525_1FD,WT2_C525_1FD_Slice_1_Image_3_Microglia1
0,1,38,18,21,57,836,17.229,17,1,51.88,WT2_C525_1FD,WT2_C525_1FD_Slice_1_Image_3_Microglia2
0,1,32,16,16,49,515,13.096,16,0,42.29,WT2_C525_1FD,WT2_C525_1FD_Slice_1_Image_3_Microglia3
0,1,46,22,25,69,700,12.109,21,1,32.195,WT2_C525_1FD,WT2_C525_1FD_Slice_1_Image_3_Microglia4
0,1,40,20,20,61,811,15.806,18,1,57.011,WT2_C525_1FD,WT2_C525_1FD_Slice_1_Image_3_Microglia5
0,1,30,15,15,45,375,10.379,15,0,38.335,WT2_C525_1FD,WT2_C525_1FD_Slice_1_Image_4_Microglia1
0,1,53,25,28,86,820,12.796,22,3,51.985,WT2_C525_1FD,WT2_C525_1FD_Slice_1_Image_4_Microglia2
0,1,66,32,33,103,830,10.613,29,3,54.528,WT2_C525_1FD,WT2_C525_1FD_Slice_1_Image_4_Microglia3
0,1,45,22,22,64,724,12.803,20,2,51.689,WT2_C525_1FD,WT2_C525_1FD_Slice_1_Image_4_Microglia4
0,1,38,18,21,59,678,14.275,17,1,35.182,WT2_C525_1FD,WT2_C525_1FD_Slice_2_Image_1_Microglia1
0,1,35,17,17,59,488,11.507,15,2,66.052,WT2_C525_1FD,WT2_C525_1FD_Slice_2_Image_1_Microglia2
0,1,35,17,19,53,633,14.083,17,0,53.832,WT2_C525_1FD,WT2_C525_1FD_Slice_2_Image_1_Microglia3
0,1,35,16,20,52,649,14.706,14,2,35.583,WT2_C525_1FD,WT2_C525_1FD_Slice_2_Image_1_Microglia4
0,1,44,21,24,76,703,12.973,20,1,37.264,WT2_C525_1FD,WT2_C525_1FD_Slice_2_Image_1_Microglia5
0,1,31,15,17,51,654,16.546,15,0,50.913,WT2_C525_1FD,WT2_C525_1FD_Slice_2_Image_1_Microglia6
0,1,33,16,18,49,740,17.377,16,0,74.466,WT2_C525_1FD,WT2_C525_1FD_Slice_2_Image_2_Microglia1
0,1,34,16,19,50,685,15.737,15,1,51.985,WT2_C525_1FD,WT2_C525_1FD_Slice_2_Image_2_Microglia2
0,1,47,23,25,64,562,9.882,23,0,29.398,WT2_C525_1FD,WT2_C525_1FD_Slice_2_Image_2_Microglia3
0,1,28,13,16,46,508,14.445,12,1,40.67,WT2_C525_1FD,WT2_C525_1FD_Slice_2_Image_2_Microglia4
0,1,31,15,16,50,553,14.223,14,1,48.745,WT2_C525_1FD,WT2_C525_1FD_Slice_2_Image_2_Microglia5
0,1,49,25,22,75,676,11.076,24,1,40.875,WT2_C525_1FD,WT2_C525_1FD_Slice_2_Image_2_Microglia6
0,1,52,25,27,84,752,11.88,23,2,38.126,WT2_C525_1FD,WT2_C525_1FD_Slice_2_Image_3_Microglia1
0,1,54,26,26,92,881,13.461,22,4,51.332,WT2_C525_1FD,WT2_C525_1FD_Slice_2_Image_3_Microglia2
0,1,30,14,17,48,603,15.933,13,1,58.291,WT2_C525_1FD,WT2_C525_1FD_Slice_2_Image_3_Microglia3
0,1,30,14,17,44,482,12.938,13,1,28.327,WT2_C525_1FD,WT2_C525_1FD_Slice_2_Image_3_Microglia4
0,1,42,21,21,65,776,14.521,21,0,44.476,WT2_C525_1FD,WT2_C525_1FD_Slice_2_Image_3_Microglia5
0,1,21,10,12,32,607,21.976,10,0,59.302,WT2_C525_1FD,WT2_C525_1FD_Slice_2_Image_4_Microglia1
0,1,38,18,21,61,607,12.805,17,1,52.804,WT2_C525_1FD,WT2_C525_1FD_Slice_2_Image_4_Microglia2
0,1,36,17,19,56,721,15.735,15,2,65.295,WT2_C525_1FD,WT2_C525_1FD_Slice_2_Image_4_Microglia3
0,1,30,14,17,42,584,15.239,13,1,42.961,WT2_C525_1FD,WT2_C525_1FD_Slice_2_Image_4_Microglia4
0,1,34,16,19,51,556,13.108,15,1,60.269,WT2_C525_1FD,WT2_C525_1FD_Slice_2_Image_4_Microglia5
0,1,42,20,23,56,788,14.746,19,1,45.469,WT2_C525_1FD,WT2_C525_1FD_Slice_2_Image_4_Microglia6
0,1,35,17,19,58,458,10.914,17,0,47.211,WT2_C525_1FD,WT2_C525_1FD_Slice_3_Image_1_Microglia1
0,1,34,16,19,54,636,14.842,15,1,47.42,WT2_C525_1FD,WT2_C525_1FD_Slice_3_Image_1_Microglia2
0,1,48,24,24,78,727,12.145,24,0,41.741,WT2_C525_1FD,WT2_C525_1FD_Slice_3_Image_1_Microglia3
0,1,23,11,13,37,379,13.736,11,0,37.769,WT2_C525_1FD,WT2_C525_1FD_Slice_3_Image_1_Microglia4
0,1,46,22,24,78,838,14.429,20,2,43.004,WT2_C525_1FD,WT2_C525_1FD_Slice_3_Image_1_Microglia5
0,1,29,14,16,49,480,13.446,14,0,44.52,WT2_C525_1FD,WT2_C525_1FD_Slice_3_Image_1_Microglia6
0,1,34,17,15,55,554,12.873,15,2,32.7,WT2_C525_1FD,WT2_C525_1FD_Slice_3_Image_2_Microglia1
0,1,34,16,19,54,507,12.177,15,1,51.523,WT2_C525_1FD,WT2_C525_1FD_Slice_3_Image_2_Microglia2
0,1,42,19,24,71,897,16.846,17,1,48.283,WT2_C525_1FD,WT2_C525_1FD_Slice_3_Image_2_Microglia3
0,1,41,19,23,62,741,14.296,17,2,53.771,WT2_C525_1FD,WT2_C525_1FD_Slice_3_Image_2_Microglia4
0,1,46,23,23,76,872,14.774,23,0,47.038,WT2_C525_1FD,WT2_C525_1FD_Slice_3_Image_2_Microglia5
0,1,58,28,30,95,1052,14.69,26,2,71.522,WT2_C525_1FD,WT2_C525_1FD_Slice_3_Image_3_Microglia1
0,1,64,31,33,97,875,11.185,29,2,46.41,WT2_C525_1FD,WT2_C525_1FD_Slice_3_Image_3_Microglia2
0,1,56,27,29,93,862,12.497,25,2,44.981,WT2_C525_1FD,WT2_C525_1FD_Slice_3_Image_3_Microglia3
0,1,63,30,33,112,782,10.374,27,3,35.687,WT2_C525_1FD,WT2_C525_1FD_Slice_3_Image_3_Microglia4
0,1,37,18,20,62,696,15.063,18,0,66.496,WT2_C525_1FD,WT2_C525_1FD_Slice_3_Image_3_Microglia5
0,1,43,21,23,72,808,14.698,21,0,50.173,WT2_C525_1FD,WT2_C525_1FD_Slice_3_Image_4_Microglia1
0,1,39,19,21,66,860,17.272,19,0,65.277,WT2_C525_1FD,WT2_C525_1FD_Slice_3_Image_4_Microglia2
0,1,48,23,26,74,707,12.236,22,1,43.805,WT2_C525_1FD,WT2_C525_1FD_Slice_3_Image_4_Microglia3
0,1,43,21,23,73,778,14.43,19,1,51.726,WT2_C525_1FD,WT2_C525_1FD_Slice_3_Image_4_Microglia4
0,1,36,18,17,58,659,14.475,17,1,54.947,WT2_C525_1FD,WT2_C525_1FD_Slice_3_Image_4_Microglia5
0,1,45,22,22,68,696,12.308,20,2,59.868,WT2_C525_1FD,WT2_C525_1FD_Slice_3_Image_4_Microglia6
0,1,30,15,15,44,409,10.979,15,0,28.475,WT2_C525_1FD,WT2_C525_1FD_Slice_3_Image_5_Microglia1
0,1,33,15,18,55,592,14.045,12,3,45.277,WT2_C525_1FD,WT2_C525_1FD_Slice_3_Image_5_Microglia2
0,1,40,19,21,61,773,15.198,17,2,57.664,WT2_C525_1FD,WT2_C525_1FD_Slice_3_Image_5_Microglia3
0,1,39,18,22,58,732,14.616,16,2,39.746,WT2_C525_1FD,WT2_C525_1FD_Slice_3_Image_5_Microglia4
0,1,62,32,26,101,882,11.799,30,2,48.074,WT2_C525_1FD,WT2_C525_1FD_Slice_3_Image_5_Microglia5
